{
    "setupName" : "BR23E",
    "mcar"	: 300,
    "clt"	: 1.22,
    "cx"	: 0.612,
    "afrcar"	: 1.15,
    "mbrk"	: 1000,
    "gripx"	: 1.35,
    "gripy"	: 1.35,
    "loadEff"	: 0.10,
    "rtyre"	: 0.229,
    "rGearRat"	: [3.909],
    "reff"	: 0.95,
    "EngNm" : [225, 227, 230, 230, 230, 222.81692032865348, 167.1126902464901, 133.69015219719208, 111.40846016432674, 102.8385786132247],
    "EngRpm" : [0, 250, 500, 1000, 2000, 3000, 4000, 5000, 6000, 6500],
    "rho"	: 1.225
}
