{
    "setupName" : "BR23E_24kw",
    "mcar"	: 300,
    "clt"	: 1.22,
    "cx"	: 0.612,
    "afrcar"	: 1.15,
    "mbrk"	: 1000,
    "gripx"	: 1.35,
    "gripy"	: 1.35,
    "loadEff"	: 0.10,
    "rtyre"	: 0.229,
    "rGearRat"	: [3.909],
    "reff"	: 0.95,
    "EngNm" : [225, 190.9859317102744, 95.4929658551372, 63.66197723675813, 47.7464829275686, 38.197186342054884, 31.830988618379067, 29.382451032349913],
    "EngRpm"	: [0,1000, 2000, 3000, 4000, 5000, 6000, 6500],
    "rho"	: 1.225
}
