{
    "setupName" : "BR23E_24kw",
    "mcar"	: 300,
    "clt"	: 1.22,
    "cx"	: 0.612,
    "afrcar"	: 1.15,
    "mbrk"	: 1000,
    "gripx"	: 1.35,
    "gripy"	: 1.35,
    "loadEff"	: 0.10,
    "rtyre"	: 0.229,
    "rGearRat"	: [3.909],
    "reff"	: 0.95,
    "EngNm" :[225, 229.18311805232926, 114.59155902616463, 76.39437268410975, 57.295779513082316, 45.83662361046586, 38.19718634205488, 35.258941238819894],
    "EngRpm"	: [0,1000, 2000, 3000, 4000, 5000, 6000, 6500],
    "rho"	: 1.225
}
